;index;stimFileName;stimPath;stimMD5;t_abs_s;t_since_last_s;t_start;aborted;t_end;t_dur_s;t_dur_s_calc;nDroppedFrames;params
0;0;__autorun_default_DO_NOT_DELETE;C:\Users\AGEuler\Documents\QDSpy;0a3053a663e357056b5b3c55856f8c88;3,0;3,0;12:57:03;False;12:57:03;0,0;0,06916144502247334;0;{'boxDx_um': 40, 'nFrPerMarker': 3, 'durStim_s': 0.2, 'boxDy_um': 40, 'fIntenW': 255, 'stimFileName': 'C:/Users/AGEuler/Documents/QDSpy/Stimuli/Katrin/RGCs/DN', 'durFr_s': 0.016666666666666666, 'fNameNoise': 'RGC_BWNoise_official'}
1;1;DN;C:\Users\AGEuler\Documents\QDSpy\Stimuli\Katrin\RGCs;521d77a52eff75053da309ada99d1156;1346,0;1343,0;13:19:26;True;13:22:35;189,0;189,06897092557847;1;{'barDx_um': 1000.0, 'nFrPerMarker': 3, 'nTrials': 3, 'barDy_um': 300.0, 'vel_umSec': 1000.0, 'DirList': [0, 180, 45, 225, 90, 270, 135, 315], 'barColor': [255, 255, 255], 'durFr_s': 0.016666666666666666, 'tMoveDur_s': 4.0, 'stimFileName': 'C:/Users/AGEuler/Documents/QDSpy/Stimuli/Katrin/RGCs/DS', 'bkgColor': [0, 0, 0]}
2;2;DS;C:\Users\AGEuler\Documents\QDSpy\Stimuli\Katrin\RGCs;00bdaae87a8a50500c2063a68bfb3c1e;1539,0;4,0;13:22:39;True;13:22:51;12,0;11,797716781620695;0;{'boxDx_um': 40, 'nFrPerMarker': 3, 'durStim_s': 0.2, 'boxDy_um': 40, 'fIntenW': 255, 'stimFileName': 'C:/Users/AGEuler/Documents/QDSpy/Stimuli/Katrin/RGCs/DN', 'durFr_s': 0.016666666666666666, 'fNameNoise': 'RGC_BWNoise_official'}
3;3;DN;C:\Users\AGEuler\Documents\QDSpy\Stimuli\Katrin\RGCs;521d77a52eff75053da309ada99d1156;1554,0;3,0;13:22:54;True;13:25:43;169,0;168,55911908171038;0;{'barDx_um': 1000.0, 'nFrPerMarker': 3, 'nTrials': 3, 'barDy_um': 300.0, 'vel_umSec': 1000.0, 'DirList': [0, 180, 45, 225, 90, 270, 135, 315], 'barColor': [255, 255, 255], 'durFr_s': 0.016666666666666666, 'tMoveDur_s': 4.0, 'stimFileName': 'C:/Users/AGEuler/Documents/QDSpy/Stimuli/Katrin/RGCs/DS', 'bkgColor': [0, 0, 0]}
4;4;DS;C:\Users\AGEuler\Documents\QDSpy\Stimuli\Katrin\RGCs;00bdaae87a8a50500c2063a68bfb3c1e;1724,0;1,0;13:25:44;True;13:26:15;31,0;30,343704134207655;0;{'boxDx_um': 40, 'nFrPerMarker': 3, 'durStim_s': 0.2, 'boxDy_um': 40, 'fIntenW': 255, 'stimFileName': 'C:/Users/AGEuler/Documents/QDSpy/Stimuli/Katrin/RGCs/DN', 'durFr_s': 0.016666666666666666, 'fNameNoise': 'RGC_BWNoise_official'}
5;5;DN;C:\Users\AGEuler\Documents\QDSpy\Stimuli\Katrin\RGCs;521d77a52eff75053da309ada99d1156;1756,0;1,0;13:26:16;True;13:28:43;147,0;146,41067300191938;0;{'barDx_um': 1000.0, 'nFrPerMarker': 3, 'nTrials': 3, 'barDy_um': 300.0, 'vel_umSec': 1000.0, 'DirList': [0, 180, 45, 225, 90, 270, 135, 315], 'barColor': [255, 255, 255], 'durFr_s': 0.016666666666666666, 'tMoveDur_s': 4.0, 'stimFileName': 'C:/Users/AGEuler/Documents/QDSpy/Stimuli/Katrin/RGCs/DS', 'bkgColor': [0, 0, 0]}
6;6;DS;C:\Users\AGEuler\Documents\QDSpy\Stimuli\Katrin\RGCs;00bdaae87a8a50500c2063a68bfb3c1e;1904,0;1,0;13:28:44;True;13:30:24;100,0;99,50373726021645;0;{'barDx_um': 1000.0, 'nFrPerMarker': 3, 'nTrials': 3, 'barDy_um': 300.0, 'vel_umSec': 1000.0, 'DirList': [0, 180, 45, 225, 90, 270, 135, 315], 'barColor': [255, 255, 255], 'durFr_s': 0.016666666666666666, 'tMoveDur_s': 4.0, 'stimFileName': 'C:/Users/AGEuler/Documents/QDSpy/Stimuli/Katrin/RGCs/DS', 'bkgColor': [0, 0, 0]}
7;7;DS;C:\Users\AGEuler\Documents\QDSpy\Stimuli\Katrin\RGCs;00bdaae87a8a50500c2063a68bfb3c1e;2064,0;60,0;13:31:24;False;13:33:05;101,0;100,87119378072748;0;{'StimType': 2, 'tSteadyON_s': 3.0, 'tSteadyOFF2_s': 2.0, 'tSteadyMID_s': 2.0, 'stimFileName': 'C:/Users/AGEuler/Documents/QDSpy/Stimuli/Katrin/RGCs/Chirp', 'chirpMaxFreq_Hz': 8.0, 'durFr_s': 0.016666666666666666, 'tSteadyOFF_s': 3.0, 'nFrPerMarker': 3, 'ContrastFreq_Hz': 2.0, 'nTrials': 5, 'dxStim_um': 1000, 'IHalf': 127, 'chirpDur_s': 8.0, 'IFull': 254}
8;8;Chirp;C:\Users\AGEuler\Documents\QDSpy\Stimuli\Katrin\RGCs;f124bb886d58ff93a1e1d4448d76e979;2202,0;37,0;13:33:42;False;13:36:27;165,0;165,13656074555547;0;{'stimFileName': 'C:/Users/AGEuler/Documents/QDSpy/Stimuli/Katrin/RGCs/MouseCam_Right', 'SequenceUsed': 16}
9;9;MouseCam_Right;C:\Users\AGEuler\Documents\QDSpy\Stimuli\Katrin\RGCs;763618cea327c8d3cd0d37d1aa989db1;2407,0;40,0;13:37:07;False;13:47:25;618,0;617,8101451283474;2;{'barDx_um': 1000.0, 'nFrPerMarker': 3, 'nTrials': 3, 'barDy_um': 300.0, 'vel_umSec': 1000.0, 'DirList': [0, 180, 45, 225, 90, 270, 135, 315], 'barColor': [255, 255, 255], 'durFr_s': 0.016666666666666666, 'tMoveDur_s': 4.0, 'stimFileName': 'C:/Users/AGEuler/Documents/QDSpy/Stimuli/Katrin/RGCs/DS', 'bkgColor': [0, 0, 0]}
10;10;DS;C:\Users\AGEuler\Documents\QDSpy\Stimuli\Katrin\RGCs;00bdaae87a8a50500c2063a68bfb3c1e;3114,0;89,0;13:48:54;False;13:50:35;101,0;100,86981588252091;0;{'barDx_um': 1000.0, 'nFrPerMarker': 3, 'nTrials': 3, 'barDy_um': 300.0, 'vel_umSec': 1000.0, 'DirList': [0, 180, 45, 225, 90, 270, 135, 315], 'barColor': [255, 255, 255], 'durFr_s': 0.016666666666666666, 'tMoveDur_s': 4.0, 'stimFileName': 'C:/Users/AGEuler/Documents/QDSpy/Stimuli/Katrin/RGCs/DS', 'bkgColor': [0, 0, 0]}
11;11;DS;C:\Users\AGEuler\Documents\QDSpy\Stimuli\Katrin\RGCs;00bdaae87a8a50500c2063a68bfb3c1e;3295,0;80,0;13:51:55;False;13:53:36;101,0;100,87449772146284;0;{'StimType': 2, 'tSteadyON_s': 3.0, 'tSteadyOFF2_s': 2.0, 'tSteadyMID_s': 2.0, 'stimFileName': 'C:/Users/AGEuler/Documents/QDSpy/Stimuli/Katrin/RGCs/Chirp', 'chirpMaxFreq_Hz': 8.0, 'durFr_s': 0.016666666666666666, 'tSteadyOFF_s': 3.0, 'nFrPerMarker': 3, 'ContrastFreq_Hz': 2.0, 'nTrials': 5, 'dxStim_um': 1000, 'IHalf': 127, 'chirpDur_s': 8.0, 'IFull': 254}
12;12;Chirp;C:\Users\AGEuler\Documents\QDSpy\Stimuli\Katrin\RGCs;f124bb886d58ff93a1e1d4448d76e979;3427,0;31,0;13:54:07;False;13:56:52;165,0;165,13852688056065;0;{'stimFileName': 'C:/Users/AGEuler/Documents/QDSpy/Stimuli/Katrin/RGCs/MouseCam_Right', 'SequenceUsed': 8}
13;13;MouseCam_Right;C:\Users\AGEuler\Documents\QDSpy\Stimuli\Katrin\RGCs;a4672a507b18c1c15b2d7c4a9c13521f;3661,0;69,0;13:58:01;False;14:08:19;618,0;617,754956071476;1;{'boxDx_um': 40, 'nFrPerMarker': 3, 'durStim_s': 0.2, 'boxDy_um': 40, 'fIntenW': 255, 'stimFileName': 'C:/Users/AGEuler/Documents/QDSpy/Stimuli/Katrin/RGCs/DN', 'durFr_s': 0.016666666666666666, 'fNameNoise': 'RGC_BWNoise_official'}
14;14;DN;C:\Users\AGEuler\Documents\QDSpy\Stimuli\Katrin\RGCs;521d77a52eff75053da309ada99d1156;4290,0;11,0;14:08:30;True;14:08:35;5,0;4,362530277838232;0;{'barDx_um': 1000.0, 'nFrPerMarker': 3, 'nTrials': 3, 'barDy_um': 300.0, 'vel_umSec': 1000.0, 'DirList': [0, 180, 45, 225, 90, 270, 135, 315], 'barColor': [255, 255, 255], 'durFr_s': 0.016666666666666666, 'tMoveDur_s': 4.0, 'stimFileName': 'C:/Users/AGEuler/Documents/QDSpy/Stimuli/Katrin/RGCs/DS', 'bkgColor': [0, 0, 0]}
15;15;DS;C:\Users\AGEuler\Documents\QDSpy\Stimuli\Katrin\RGCs;00bdaae87a8a50500c2063a68bfb3c1e;4384,0;89,0;14:10:04;True;14:11:02;58,0;58,50187119602561;0;{'barDx_um': 1000.0, 'nFrPerMarker': 3, 'nTrials': 3, 'barDy_um': 300.0, 'vel_umSec': 1000.0, 'DirList': [0, 180, 45, 225, 90, 270, 135, 315], 'barColor': [255, 255, 255], 'durFr_s': 0.016666666666666666, 'tMoveDur_s': 4.0, 'stimFileName': 'C:/Users/AGEuler/Documents/QDSpy/Stimuli/Katrin/RGCs/DS', 'bkgColor': [0, 0, 0]}
16;16;DS;C:\Users\AGEuler\Documents\QDSpy\Stimuli\Katrin\RGCs;00bdaae87a8a50500c2063a68bfb3c1e;4469,0;27,0;14:11:29;False;14:13:10;101,0;100,88168357606992;0;{'StimType': 2, 'tSteadyON_s': 3.0, 'tSteadyOFF2_s': 2.0, 'tSteadyMID_s': 2.0, 'stimFileName': 'C:/Users/AGEuler/Documents/QDSpy/Stimuli/Katrin/RGCs/Chirp', 'chirpMaxFreq_Hz': 8.0, 'durFr_s': 0.016666666666666666, 'tSteadyOFF_s': 3.0, 'nFrPerMarker': 3, 'ContrastFreq_Hz': 2.0, 'nTrials': 5, 'dxStim_um': 1000, 'IHalf': 127, 'chirpDur_s': 8.0, 'IFull': 254}
17;17;Chirp;C:\Users\AGEuler\Documents\QDSpy\Stimuli\Katrin\RGCs;f124bb886d58ff93a1e1d4448d76e979;4600,0;30,0;14:13:40;False;14:16:25;165,0;165,13875236064632;0;{'stimFileName': 'C:/Users/AGEuler/Documents/QDSpy/Stimuli/Katrin/RGCs/MouseCam_Right', 'SequenceUsed': 16}
18;18;MouseCam_Right;C:\Users\AGEuler\Documents\QDSpy\Stimuli\Katrin\RGCs;65909959b36026d3c2ccb619c5bead2b;4799,0;34,0;14:16:59;False;14:27:17;618,0;617,7769764628283;1;{'barDx_um': 1000.0, 'nFrPerMarker': 3, 'nTrials': 3, 'barDy_um': 300.0, 'vel_umSec': 1000.0, 'DirList': [0, 180, 45, 225, 90, 270, 135, 315], 'barColor': [255, 255, 255], 'durFr_s': 0.016666666666666666, 'tMoveDur_s': 4.0, 'stimFileName': 'C:/Users/AGEuler/Documents/QDSpy/Stimuli/Katrin/RGCs/DS', 'bkgColor': [0, 0, 0]}
19;19;DS;C:\Users\AGEuler\Documents\QDSpy\Stimuli\Katrin\RGCs;00bdaae87a8a50500c2063a68bfb3c1e;5524,0;107,0;14:29:04;True;14:29:55;51,0;50,96023756555952;0;{'barDx_um': 1000.0, 'nFrPerMarker': 3, 'nTrials': 3, 'barDy_um': 300.0, 'vel_umSec': 1000.0, 'DirList': [0, 180, 45, 225, 90, 270, 135, 315], 'barColor': [255, 255, 255], 'durFr_s': 0.016666666666666666, 'tMoveDur_s': 4.0, 'stimFileName': 'C:/Users/AGEuler/Documents/QDSpy/Stimuli/Katrin/RGCs/DS', 'bkgColor': [0, 0, 0]}
20;20;DS;C:\Users\AGEuler\Documents\QDSpy\Stimuli\Katrin\RGCs;00bdaae87a8a50500c2063a68bfb3c1e;5611,0;36,0;14:30:31;False;14:32:12;101,0;100,86852426332551;0;{'StimType': 2, 'tSteadyON_s': 3.0, 'tSteadyOFF2_s': 2.0, 'tSteadyMID_s': 2.0, 'stimFileName': 'C:/Users/AGEuler/Documents/QDSpy/Stimuli/Katrin/RGCs/Chirp', 'chirpMaxFreq_Hz': 8.0, 'durFr_s': 0.016666666666666666, 'tSteadyOFF_s': 3.0, 'nFrPerMarker': 3, 'ContrastFreq_Hz': 2.0, 'nTrials': 5, 'dxStim_um': 1000, 'IHalf': 127, 'chirpDur_s': 8.0, 'IFull': 254}
21;21;Chirp;C:\Users\AGEuler\Documents\QDSpy\Stimuli\Katrin\RGCs;f124bb886d58ff93a1e1d4448d76e979;5741,0;29,0;14:32:41;True;14:33:44;63,0;63,438734527513596;0;{'StimType': 2, 'tSteadyON_s': 3.0, 'tSteadyOFF2_s': 2.0, 'tSteadyMID_s': 2.0, 'stimFileName': 'C:/Users/AGEuler/Documents/QDSpy/Stimuli/Katrin/RGCs/Chirp', 'chirpMaxFreq_Hz': 8.0, 'durFr_s': 0.016666666666666666, 'tSteadyOFF_s': 3.0, 'nFrPerMarker': 3, 'ContrastFreq_Hz': 2.0, 'nTrials': 5, 'dxStim_um': 1000, 'IHalf': 127, 'chirpDur_s': 8.0, 'IFull': 254}
22;22;Chirp;C:\Users\AGEuler\Documents\QDSpy\Stimuli\Katrin\RGCs;f124bb886d58ff93a1e1d4448d76e979;5832,0;28,0;14:34:12;False;14:36:57;165,0;165,14137601225596;0;{'stimFileName': 'C:/Users/AGEuler/Documents/QDSpy/Stimuli/Katrin/RGCs/MouseCam_Right', 'SequenceUsed': 15}
23;23;MouseCam_Right;C:\Users\AGEuler\Documents\QDSpy\Stimuli\Katrin\RGCs;59d4ed14037b5f6aec310594e8d533d8;6032,0;35,0;14:37:32;False;14:47:50;618,0;617,7512819970034;1;{'StimType': 2, 'tSteadyON_s': 3.0, 'tSteadyOFF2_s': 2.0, 'tSteadyMID_s': 2.0, 'stimFileName': 'C:/Users/AGEuler/Documents/QDSpy/Stimuli/Katrin/RGCs/Chirp', 'chirpMaxFreq_Hz': 8.0, 'durFr_s': 0.016666666666666666, 'tSteadyOFF_s': 3.0, 'nFrPerMarker': 3, 'ContrastFreq_Hz': 2.0, 'nTrials': 5, 'dxStim_um': 1000, 'IHalf': 127, 'chirpDur_s': 8.0, 'IFull': 254}
24;24;Chirp;C:\Users\AGEuler\Documents\QDSpy\Stimuli\Katrin\RGCs;f124bb886d58ff93a1e1d4448d76e979;6672,0;22,0;14:48:12;False;14:50:57;165,0;165,14171375126898;0;{'barDx_um': 1000.0, 'nFrPerMarker': 3, 'nTrials': 3, 'barDy_um': 300.0, 'vel_umSec': 1000.0, 'DirList': [0, 180, 45, 225, 90, 270, 135, 315], 'barColor': [255, 255, 255], 'durFr_s': 0.016666666666666666, 'tMoveDur_s': 4.0, 'stimFileName': 'C:/Users/AGEuler/Documents/QDSpy/Stimuli/Katrin/RGCs/DS', 'bkgColor': [0, 0, 0]}
25;25;DS;C:\Users\AGEuler\Documents\QDSpy\Stimuli\Katrin\RGCs;00bdaae87a8a50500c2063a68bfb3c1e;7096,0;259,0;14:55:16;True;14:55:55;39,0;39,078062616106756;0;{'barDx_um': 1000.0, 'nFrPerMarker': 3, 'nTrials': 3, 'barDy_um': 300.0, 'vel_umSec': 1000.0, 'DirList': [0, 180, 45, 225, 90, 270, 135, 315], 'barColor': [255, 255, 255], 'durFr_s': 0.016666666666666666, 'tMoveDur_s': 4.0, 'stimFileName': 'C:/Users/AGEuler/Documents/QDSpy/Stimuli/Katrin/RGCs/DS', 'bkgColor': [0, 0, 0]}
26;26;DS;C:\Users\AGEuler\Documents\QDSpy\Stimuli\Katrin\RGCs;00bdaae87a8a50500c2063a68bfb3c1e;7165,0;30,0;14:56:25;True;14:57:24;59,0;58,87859902136188;0;{'barDx_um': 1000.0, 'nFrPerMarker': 3, 'nTrials': 3, 'barDy_um': 300.0, 'vel_umSec': 1000.0, 'DirList': [0, 180, 45, 225, 90, 270, 135, 315], 'barColor': [255, 255, 255], 'durFr_s': 0.016666666666666666, 'tMoveDur_s': 4.0, 'stimFileName': 'C:/Users/AGEuler/Documents/QDSpy/Stimuli/Katrin/RGCs/DS', 'bkgColor': [0, 0, 0]}
27;27;DS;C:\Users\AGEuler\Documents\QDSpy\Stimuli\Katrin\RGCs;00bdaae87a8a50500c2063a68bfb3c1e;7246,0;22,0;14:57:46;True;14:59:15;89,0;88,78996353830007;0;{'barDx_um': 1000.0, 'nFrPerMarker': 3, 'nTrials': 3, 'barDy_um': 300.0, 'vel_umSec': 1000.0, 'DirList': [0, 180, 45, 225, 90, 270, 135, 315], 'barColor': [255, 255, 255], 'durFr_s': 0.016666666666666666, 'tMoveDur_s': 4.0, 'stimFileName': 'C:/Users/AGEuler/Documents/QDSpy/Stimuli/Katrin/RGCs/DS', 'bkgColor': [0, 0, 0]}
28;28;DS;C:\Users\AGEuler\Documents\QDSpy\Stimuli\Katrin\RGCs;00bdaae87a8a50500c2063a68bfb3c1e;7379,0;44,0;14:59:59;False;15:01:39;100,0;100,86802647514561;0;{'StimType': 2, 'tSteadyON_s': 3.0, 'tSteadyOFF2_s': 2.0, 'tSteadyMID_s': 2.0, 'stimFileName': 'C:/Users/AGEuler/Documents/QDSpy/Stimuli/Katrin/RGCs/Chirp', 'chirpMaxFreq_Hz': 8.0, 'durFr_s': 0.016666666666666666, 'tSteadyOFF_s': 3.0, 'nFrPerMarker': 3, 'ContrastFreq_Hz': 2.0, 'nTrials': 5, 'dxStim_um': 1000, 'IHalf': 127, 'chirpDur_s': 8.0, 'IFull': 254}
29;29;Chirp;C:\Users\AGEuler\Documents\QDSpy\Stimuli\Katrin\RGCs;f124bb886d58ff93a1e1d4448d76e979;7504,0;25,0;15:02:04;False;15:04:49;165,0;165,14079932208548;0;{'stimFileName': 'C:/Users/AGEuler/Documents/QDSpy/Stimuli/Katrin/RGCs/MouseCam_Right', 'SequenceUsed': 2}
30;30;MouseCam_Right;C:\Users\AGEuler\Documents\QDSpy\Stimuli\Katrin\RGCs;1b9cd06848168db0b48a633a491046a0;7698,0;29,0;15:05:18;False;15:15:36;618,0;617,7546548967985;1;{'boxDx_um': 40, 'nFrPerMarker': 3, 'durStim_s': 0.2, 'boxDy_um': 40, 'fIntenW': 255, 'stimFileName': 'C:/Users/AGEuler/Documents/QDSpy/Stimuli/Katrin/RGCs/DN', 'durFr_s': 0.016666666666666666, 'fNameNoise': 'RGC_BWNoise_official'}
31;31;DN;C:\Users\AGEuler\Documents\QDSpy\Stimuli\Katrin\RGCs;521d77a52eff75053da309ada99d1156;11085,0;2769,0;16:01:45;True;16:05:21;216,0;215,92985099711586;0;{'barDx_um': 1000.0, 'nFrPerMarker': 3, 'nTrials': 3, 'barDy_um': 300.0, 'vel_umSec': 1000.0, 'DirList': [0, 180, 45, 225, 90, 270, 135, 315], 'barColor': [255, 255, 255], 'durFr_s': 0.016666666666666666, 'tMoveDur_s': 4.0, 'stimFileName': 'C:/Users/AGEuler/Documents/QDSpy/Stimuli/Katrin/RGCs/DS', 'bkgColor': [0, 0, 0]}
32;32;DS;C:\Users\AGEuler\Documents\QDSpy\Stimuli\Katrin\RGCs;00bdaae87a8a50500c2063a68bfb3c1e;11302,0;1,0;16:05:22;True;16:05:36;14,0;14,39900448779008;0;{'boxDx_um': 40, 'nFrPerMarker': 3, 'durStim_s': 0.2, 'boxDy_um': 40, 'fIntenW': 255, 'stimFileName': 'C:/Users/AGEuler/Documents/QDSpy/Stimuli/Katrin/RGCs/DN', 'durFr_s': 0.016666666666666666, 'fNameNoise': 'RGC_BWNoise_official'}
33;33;DN;C:\Users\AGEuler\Documents\QDSpy\Stimuli\Katrin\RGCs;521d77a52eff75053da309ada99d1156;11318,0;2,0;16:05:38;True;16:07:22;104,0;104,32497806139509;0;{'boxDx_um': 40, 'nFrPerMarker': 3, 'durStim_s': 0.2, 'boxDy_um': 40, 'fIntenW': 255, 'stimFileName': 'C:/Users/AGEuler/Documents/QDSpy/Stimuli/Katrin/RGCs/DN', 'durFr_s': 0.016666666666666666, 'fNameNoise': 'RGC_BWNoise_official'}
34;34;DN;C:\Users\AGEuler\Documents\QDSpy\Stimuli\Katrin\RGCs;521d77a52eff75053da309ada99d1156;11429,0;7,0;16:07:29;True;16:07:37;8,0;8,490652679844061;0;{'barDx_um': 1000.0, 'nFrPerMarker': 3, 'nTrials': 3, 'barDy_um': 300.0, 'vel_umSec': 1000.0, 'DirList': [0, 180, 45, 225, 90, 270, 135, 315], 'barColor': [255, 255, 255], 'durFr_s': 0.016666666666666666, 'tMoveDur_s': 4.0, 'stimFileName': 'C:/Users/AGEuler/Documents/QDSpy/Stimuli/Katrin/RGCs/DS', 'bkgColor': [0, 0, 0]}
35;35;DS;C:\Users\AGEuler\Documents\QDSpy\Stimuli\Katrin\RGCs;00bdaae87a8a50500c2063a68bfb3c1e;11439,0;2,0;16:07:39;True;16:07:51;12,0;12,744290831462422;0;{'boxDx_um': 40, 'nFrPerMarker': 3, 'durStim_s': 0.2, 'boxDy_um': 40, 'fIntenW': 255, 'stimFileName': 'C:/Users/AGEuler/Documents/QDSpy/Stimuli/Katrin/RGCs/DN', 'durFr_s': 0.016666666666666666, 'fNameNoise': 'RGC_BWNoise_official'}
36;36;DN;C:\Users\AGEuler\Documents\QDSpy\Stimuli\Katrin\RGCs;521d77a52eff75053da309ada99d1156;11453,0;2,0;16:07:53;True;16:10:38;165,0;164,8792706505119;0;{'barDx_um': 1000.0, 'nFrPerMarker': 3, 'nTrials': 3, 'barDy_um': 300.0, 'vel_umSec': 1000.0, 'DirList': [0, 180, 45, 225, 90, 270, 135, 315], 'barColor': [255, 255, 255], 'durFr_s': 0.016666666666666666, 'tMoveDur_s': 4.0, 'stimFileName': 'C:/Users/AGEuler/Documents/QDSpy/Stimuli/Katrin/RGCs/DS', 'bkgColor': [0, 0, 0]}
37;37;DS;C:\Users\AGEuler\Documents\QDSpy\Stimuli\Katrin\RGCs;00bdaae87a8a50500c2063a68bfb3c1e;11619,0;1,0;16:10:39;False;16:12:20;101,0;100,87645263057858;0;{'barDx_um': 1000.0, 'nFrPerMarker': 3, 'nTrials': 3, 'barDy_um': 300.0, 'vel_umSec': 1000.0, 'DirList': [0, 180, 45, 225, 90, 270, 135, 315], 'barColor': [255, 255, 255], 'durFr_s': 0.016666666666666666, 'tMoveDur_s': 4.0, 'stimFileName': 'C:/Users/AGEuler/Documents/QDSpy/Stimuli/Katrin/RGCs/DS', 'bkgColor': [0, 0, 0]}
38;38;DS;C:\Users\AGEuler\Documents\QDSpy\Stimuli\Katrin\RGCs;00bdaae87a8a50500c2063a68bfb3c1e;11741,0;21,0;16:12:41;True;16:13:07;26,0;26,73492619135504;0;{'boxDx_um': 40, 'nFrPerMarker': 3, 'durStim_s': 0.2, 'boxDy_um': 40, 'fIntenW': 255, 'stimFileName': 'C:/Users/AGEuler/Documents/QDSpy/Stimuli/Katrin/RGCs/DN', 'durFr_s': 0.016666666666666666, 'fNameNoise': 'RGC_BWNoise_official'}
39;39;DN;C:\Users\AGEuler\Documents\QDSpy\Stimuli\Katrin\RGCs;521d77a52eff75053da309ada99d1156;11828,0;61,0;16:14:08;True;16:15:34;86,0;85,96806329607716;0;{'barDx_um': 1000.0, 'nFrPerMarker': 3, 'nTrials': 3, 'barDy_um': 300.0, 'vel_umSec': 1000.0, 'DirList': [0, 180, 45, 225, 90, 270, 135, 315], 'barColor': [255, 255, 255], 'durFr_s': 0.016666666666666666, 'tMoveDur_s': 4.0, 'stimFileName': 'C:/Users/AGEuler/Documents/QDSpy/Stimuli/Katrin/RGCs/DS', 'bkgColor': [0, 0, 0]}
40;40;DS;C:\Users\AGEuler\Documents\QDSpy\Stimuli\Katrin\RGCs;00bdaae87a8a50500c2063a68bfb3c1e;11916,0;2,0;16:15:36;True;16:15:49;13,0;12,756739064054273;0;{'barDx_um': 1000.0, 'nFrPerMarker': 3, 'nTrials': 3, 'barDy_um': 300.0, 'vel_umSec': 1000.0, 'DirList': [0, 180, 45, 225, 90, 270, 135, 315], 'barColor': [255, 255, 255], 'durFr_s': 0.016666666666666666, 'tMoveDur_s': 4.0, 'stimFileName': 'C:/Users/AGEuler/Documents/QDSpy/Stimuli/Katrin/RGCs/DS', 'bkgColor': [0, 0, 0]}
41;41;DS;C:\Users\AGEuler\Documents\QDSpy\Stimuli\Katrin\RGCs;00bdaae87a8a50500c2063a68bfb3c1e;11953,0;24,0;16:16:13;False;16:17:54;101,0;100,87840176637837;0;{'StimType': 2, 'tSteadyON_s': 3.0, 'tSteadyOFF2_s': 2.0, 'tSteadyMID_s': 2.0, 'stimFileName': 'C:/Users/AGEuler/Documents/QDSpy/Stimuli/Katrin/RGCs/Chirp', 'chirpMaxFreq_Hz': 8.0, 'durFr_s': 0.016666666666666666, 'tSteadyOFF_s': 3.0, 'nFrPerMarker': 3, 'ContrastFreq_Hz': 2.0, 'nTrials': 5, 'dxStim_um': 1000, 'IHalf': 127, 'chirpDur_s': 8.0, 'IFull': 254}
42;42;Chirp;C:\Users\AGEuler\Documents\QDSpy\Stimuli\Katrin\RGCs;f124bb886d58ff93a1e1d4448d76e979;12076,0;22,0;16:18:16;False;16:21:01;165,0;165,1311835427114;0;{'stimFileName': 'C:/Users/AGEuler/Documents/QDSpy/Stimuli/Katrin/RGCs/MouseCam_Left', 'SequenceUsed': 11}
43;43;MouseCam_Left;C:\Users\AGEuler\Documents\QDSpy\Stimuli\Katrin\RGCs;48dcae8c936aa691ac2ef297224a38f7;12275,0;34,0;16:21:35;False;16:31:53;618,0;617,7757560478713;1;{'barDx_um': 1000.0, 'nFrPerMarker': 3, 'nTrials': 3, 'barDy_um': 300.0, 'vel_umSec': 1000.0, 'DirList': [0, 180, 45, 225, 90, 270, 135, 315], 'barColor': [255, 255, 255], 'durFr_s': 0.016666666666666666, 'tMoveDur_s': 4.0, 'stimFileName': 'C:/Users/AGEuler/Documents/QDSpy/Stimuli/Katrin/RGCs/DS', 'bkgColor': [0, 0, 0]}
44;44;DS;C:\Users\AGEuler\Documents\QDSpy\Stimuli\Katrin\RGCs;00bdaae87a8a50500c2063a68bfb3c1e;12991,0;98,0;16:33:31;True;16:34:18;47,0;47,35657221520887;0;{'barDx_um': 1000.0, 'nFrPerMarker': 3, 'nTrials': 3, 'barDy_um': 300.0, 'vel_umSec': 1000.0, 'DirList': [0, 180, 45, 225, 90, 270, 135, 315], 'barColor': [255, 255, 255], 'durFr_s': 0.016666666666666666, 'tMoveDur_s': 4.0, 'stimFileName': 'C:/Users/AGEuler/Documents/QDSpy/Stimuli/Katrin/RGCs/DS', 'bkgColor': [0, 0, 0]}
45;45;DS;C:\Users\AGEuler\Documents\QDSpy\Stimuli\Katrin\RGCs;00bdaae87a8a50500c2063a68bfb3c1e;13087,0;49,0;16:35:07;False;16:36:48;101,0;100,86606418901647;0;{'StimType': 2, 'tSteadyON_s': 3.0, 'tSteadyOFF2_s': 2.0, 'tSteadyMID_s': 2.0, 'stimFileName': 'C:/Users/AGEuler/Documents/QDSpy/Stimuli/Katrin/RGCs/Chirp', 'chirpMaxFreq_Hz': 8.0, 'durFr_s': 0.016666666666666666, 'tSteadyOFF_s': 3.0, 'nFrPerMarker': 3, 'ContrastFreq_Hz': 2.0, 'nTrials': 5, 'dxStim_um': 1000, 'IHalf': 127, 'chirpDur_s': 8.0, 'IFull': 254}
46;46;Chirp;C:\Users\AGEuler\Documents\QDSpy\Stimuli\Katrin\RGCs;f124bb886d58ff93a1e1d4448d76e979;13222,0;34,0;16:37:22;False;16:40:08;166,0;165,1384290549213;0;{'stimFileName': 'C:/Users/AGEuler/Documents/QDSpy/Stimuli/Katrin/RGCs/MouseCam_Left', 'SequenceUsed': 8}
47;47;MouseCam_Left;C:\Users\AGEuler\Documents\QDSpy\Stimuli\Katrin\RGCs;9fbf9e3cf96981e8440fb76a98bf5c43;13427,0;39,0;16:40:47;False;16:51:05;618,0;617,7787501539533;1;{'barDx_um': 1000.0, 'nFrPerMarker': 3, 'nTrials': 3, 'barDy_um': 300.0, 'vel_umSec': 1000.0, 'DirList': [0, 180, 45, 225, 90, 270, 135, 315], 'barColor': [255, 255, 255], 'durFr_s': 0.016666666666666666, 'tMoveDur_s': 4.0, 'stimFileName': 'C:/Users/AGEuler/Documents/QDSpy/Stimuli/Katrin/RGCs/DS', 'bkgColor': [0, 0, 0]}
48;48;DS;C:\Users\AGEuler\Documents\QDSpy\Stimuli\Katrin\RGCs;00bdaae87a8a50500c2063a68bfb3c1e;14265,0;220,0;16:54:45;True;16:56:09;84,0;83,87327089170869;0;{'barDx_um': 1000.0, 'nFrPerMarker': 3, 'nTrials': 3, 'barDy_um': 300.0, 'vel_umSec': 1000.0, 'DirList': [0, 180, 45, 225, 90, 270, 135, 315], 'barColor': [255, 255, 255], 'durFr_s': 0.016666666666666666, 'tMoveDur_s': 4.0, 'stimFileName': 'C:/Users/AGEuler/Documents/QDSpy/Stimuli/Katrin/RGCs/DS', 'bkgColor': [0, 0, 0]}
49;49;DS;C:\Users\AGEuler\Documents\QDSpy\Stimuli\Katrin\RGCs;00bdaae87a8a50500c2063a68bfb3c1e;14398,0;49,0;16:56:58;False;16:58:39;101,0;100,87034478245914;0;{'barDx_um': 1000.0, 'nFrPerMarker': 3, 'nTrials': 3, 'barDy_um': 300.0, 'vel_umSec': 1000.0, 'DirList': [0, 180, 45, 225, 90, 270, 135, 315], 'barColor': [255, 255, 255], 'durFr_s': 0.016666666666666666, 'tMoveDur_s': 4.0, 'stimFileName': 'C:/Users/AGEuler/Documents/QDSpy/Stimuli/Katrin/RGCs/DS', 'bkgColor': [0, 0, 0]}
50;50;DS;C:\Users\AGEuler\Documents\QDSpy\Stimuli\Katrin\RGCs;00bdaae87a8a50500c2063a68bfb3c1e;14541,0;42,0;16:59:21;False;17:01:01;100,0;100,87403906354301;0;{'barDx_um': 1000.0, 'nFrPerMarker': 3, 'nTrials': 3, 'barDy_um': 300.0, 'vel_umSec': 1000.0, 'DirList': [0, 180, 45, 225, 90, 270, 135, 315], 'barColor': [255, 255, 255], 'durFr_s': 0.016666666666666666, 'tMoveDur_s': 4.0, 'stimFileName': 'C:/Users/AGEuler/Documents/QDSpy/Stimuli/Katrin/RGCs/DS', 'bkgColor': [0, 0, 0]}
51;51;DS;C:\Users\AGEuler\Documents\QDSpy\Stimuli\Katrin\RGCs;00bdaae87a8a50500c2063a68bfb3c1e;14650,0;9,0;17:01:10;True;17:01:49;39,0;39,62982136075516;0;{'StimType': 2, 'tSteadyON_s': 3.0, 'tSteadyOFF2_s': 2.0, 'tSteadyMID_s': 2.0, 'stimFileName': 'C:/Users/AGEuler/Documents/QDSpy/Stimuli/Katrin/RGCs/Chirp', 'chirpMaxFreq_Hz': 8.0, 'durFr_s': 0.016666666666666666, 'tSteadyOFF_s': 3.0, 'nFrPerMarker': 3, 'ContrastFreq_Hz': 2.0, 'nTrials': 5, 'dxStim_um': 1000, 'IHalf': 127, 'chirpDur_s': 8.0, 'IFull': 254}
52;52;Chirp;C:\Users\AGEuler\Documents\QDSpy\Stimuli\Katrin\RGCs;f124bb886d58ff93a1e1d4448d76e979;14691,0;2,0;17:01:51;True;17:02:46;55,0;55,22851107450333;0;{'barDx_um': 1000.0, 'nFrPerMarker': 3, 'nTrials': 3, 'barDy_um': 300.0, 'vel_umSec': 1000.0, 'DirList': [0, 180, 45, 225, 90, 270, 135, 315], 'barColor': [255, 255, 255], 'durFr_s': 0.016666666666666666, 'tMoveDur_s': 4.0, 'stimFileName': 'C:/Users/AGEuler/Documents/QDSpy/Stimuli/Katrin/RGCs/DS', 'bkgColor': [0, 0, 0]}
53;53;DS;C:\Users\AGEuler\Documents\QDSpy\Stimuli\Katrin\RGCs;00bdaae87a8a50500c2063a68bfb3c1e;14748,0;2,0;17:02:48;False;17:04:29;101,0;100,87255275528516;0;{'barDx_um': 1000.0, 'nFrPerMarker': 3, 'nTrials': 3, 'barDy_um': 300.0, 'vel_umSec': 1000.0, 'DirList': [0, 180, 45, 225, 90, 270, 135, 315], 'barColor': [255, 255, 255], 'durFr_s': 0.016666666666666666, 'tMoveDur_s': 4.0, 'stimFileName': 'C:/Users/AGEuler/Documents/QDSpy/Stimuli/Katrin/RGCs/DS', 'bkgColor': [0, 0, 0]}
54;54;DS;C:\Users\AGEuler\Documents\QDSpy\Stimuli\Katrin\RGCs;00bdaae87a8a50500c2063a68bfb3c1e;14870,0;21,0;17:04:50;True;17:05:32;42,0;41,192788678654324;0;{'barDx_um': 1000.0, 'nFrPerMarker': 3, 'nTrials': 3, 'barDy_um': 300.0, 'vel_umSec': 1000.0, 'DirList': [0, 180, 45, 225, 90, 270, 135, 315], 'barColor': [255, 255, 255], 'durFr_s': 0.016666666666666666, 'tMoveDur_s': 4.0, 'stimFileName': 'C:/Users/AGEuler/Documents/QDSpy/Stimuli/Katrin/RGCs/DS', 'bkgColor': [0, 0, 0]}
55;55;DS;C:\Users\AGEuler\Documents\QDSpy\Stimuli\Katrin\RGCs;00bdaae87a8a50500c2063a68bfb3c1e;14953,0;41,0;17:06:13;False;17:07:54;101,0;100,88179487278103;0;{'StimType': 2, 'tSteadyON_s': 3.0, 'tSteadyOFF2_s': 2.0, 'tSteadyMID_s': 2.0, 'stimFileName': 'C:/Users/AGEuler/Documents/QDSpy/Stimuli/Katrin/RGCs/Chirp', 'chirpMaxFreq_Hz': 8.0, 'durFr_s': 0.016666666666666666, 'tSteadyOFF_s': 3.0, 'nFrPerMarker': 3, 'ContrastFreq_Hz': 2.0, 'nTrials': 5, 'dxStim_um': 1000, 'IHalf': 127, 'chirpDur_s': 8.0, 'IFull': 254}
56;56;Chirp;C:\Users\AGEuler\Documents\QDSpy\Stimuli\Katrin\RGCs;f124bb886d58ff93a1e1d4448d76e979;15070,0;16,0;17:08:10;False;17:10:55;165,0;165,12892264782204;0;{'stimFileName': 'C:/Users/AGEuler/Documents/QDSpy/Stimuli/Katrin/RGCs/MouseCam_Left', 'SequenceUsed': 4}
57;57;MouseCam_Left;C:\Users\AGEuler\Documents\QDSpy\Stimuli\Katrin\RGCs;9dd4d09c74764ebbed8e11a18f85a8ec;15281,0;46,0;17:11:41;False;17:21:59;618,0;617,7789913502894;1;{'barDx_um': 1000.0, 'nFrPerMarker': 3, 'nTrials': 3, 'barDy_um': 300.0, 'vel_umSec': 1000.0, 'DirList': [0, 180, 45, 225, 90, 270, 135, 315], 'barColor': [255, 255, 255], 'durFr_s': 0.016666666666666666, 'tMoveDur_s': 4.0, 'stimFileName': 'C:/Users/AGEuler/Documents/QDSpy/Stimuli/Katrin/RGCs/DS', 'bkgColor': [0, 0, 0]}
58;58;DS;C:\Users\AGEuler\Documents\QDSpy\Stimuli\Katrin\RGCs;00bdaae87a8a50500c2063a68bfb3c1e;15994,0;95,0;17:23:34;False;17:25:14;100,0;100,86913719709264;0;{'barDx_um': 1000.0, 'nFrPerMarker': 3, 'nTrials': 3, 'barDy_um': 300.0, 'vel_umSec': 1000.0, 'DirList': [0, 180, 45, 225, 90, 270, 135, 315], 'barColor': [255, 255, 255], 'durFr_s': 0.016666666666666666, 'tMoveDur_s': 4.0, 'stimFileName': 'C:/Users/AGEuler/Documents/QDSpy/Stimuli/Katrin/RGCs/DS', 'bkgColor': [0, 0, 0]}
59;59;DS;C:\Users\AGEuler\Documents\QDSpy\Stimuli\Katrin\RGCs;00bdaae87a8a50500c2063a68bfb3c1e;16144,0;50,0;17:26:04;False;17:27:45;101,0;100,87622650901902;0;{'barDx_um': 1000.0, 'nFrPerMarker': 3, 'nTrials': 3, 'barDy_um': 300.0, 'vel_umSec': 1000.0, 'DirList': [0, 180, 45, 225, 90, 270, 135, 315], 'barColor': [255, 255, 255], 'durFr_s': 0.016666666666666666, 'tMoveDur_s': 4.0, 'stimFileName': 'C:/Users/AGEuler/Documents/QDSpy/Stimuli/Katrin/RGCs/DS', 'bkgColor': [0, 0, 0]}
60;60;DS;C:\Users\AGEuler\Documents\QDSpy\Stimuli\Katrin\RGCs;00bdaae87a8a50500c2063a68bfb3c1e;16257,0;12,0;17:27:57;True;17:29:11;74,0;73,33920223029418;0;{'StimType': 2, 'tSteadyON_s': 3.0, 'tSteadyOFF2_s': 2.0, 'tSteadyMID_s': 2.0, 'stimFileName': 'C:/Users/AGEuler/Documents/QDSpy/Stimuli/Katrin/RGCs/Chirp', 'chirpMaxFreq_Hz': 8.0, 'durFr_s': 0.016666666666666666, 'tSteadyOFF_s': 3.0, 'nFrPerMarker': 3, 'ContrastFreq_Hz': 2.0, 'nTrials': 5, 'dxStim_um': 1000, 'IHalf': 127, 'chirpDur_s': 8.0, 'IFull': 254}
61;61;Chirp;C:\Users\AGEuler\Documents\QDSpy\Stimuli\Katrin\RGCs;f124bb886d58ff93a1e1d4448d76e979;16332,0;1,0;17:29:12;True;17:31:50;158,0;158,2808657537098;0;{'barDx_um': 1000.0, 'nFrPerMarker': 3, 'nTrials': 3, 'barDy_um': 300.0, 'vel_umSec': 1000.0, 'DirList': [0, 180, 45, 225, 90, 270, 135, 315], 'barColor': [255, 255, 255], 'durFr_s': 0.016666666666666666, 'tMoveDur_s': 4.0, 'stimFileName': 'C:/Users/AGEuler/Documents/QDSpy/Stimuli/Katrin/RGCs/DS', 'bkgColor': [0, 0, 0]}
62;62;DS;C:\Users\AGEuler\Documents\QDSpy\Stimuli\Katrin\RGCs;00bdaae87a8a50500c2063a68bfb3c1e;16505,0;15,0;17:32:05;False;17:33:46;101,0;100,87029699223058;0;{'StimType': 2, 'tSteadyON_s': 3.0, 'tSteadyOFF2_s': 2.0, 'tSteadyMID_s': 2.0, 'stimFileName': 'C:/Users/AGEuler/Documents/QDSpy/Stimuli/Katrin/RGCs/Chirp', 'chirpMaxFreq_Hz': 8.0, 'durFr_s': 0.016666666666666666, 'tSteadyOFF_s': 3.0, 'nFrPerMarker': 3, 'ContrastFreq_Hz': 2.0, 'nTrials': 5, 'dxStim_um': 1000, 'IHalf': 127, 'chirpDur_s': 8.0, 'IFull': 254}
63;63;Chirp;C:\Users\AGEuler\Documents\QDSpy\Stimuli\Katrin\RGCs;f124bb886d58ff93a1e1d4448d76e979;16633,0;27,0;17:34:13;False;17:36:58;165,0;165,12872763801715;0;{'stimFileName': 'C:/Users/AGEuler/Documents/QDSpy/Stimuli/Katrin/RGCs/MouseCam_Left', 'SequenceUsed': 5}
64;64;MouseCam_Left;C:\Users\AGEuler\Documents\QDSpy\Stimuli\Katrin\RGCs;7dc9e84ef73924f92cfb5349f0d4a676;16832,0;34,0;17:37:32;False;17:47:50;618,0;617,7683289969282;1;{'barDx_um': 1000.0, 'nFrPerMarker': 3, 'nTrials': 3, 'barDy_um': 300.0, 'vel_umSec': 1000.0, 'DirList': [0, 180, 45, 225, 90, 270, 135, 315], 'barColor': [255, 255, 255], 'durFr_s': 0.016666666666666666, 'tMoveDur_s': 4.0, 'stimFileName': 'C:/Users/AGEuler/Documents/QDSpy/Stimuli/Katrin/RGCs/DS', 'bkgColor': [0, 0, 0]}
65;65;DS;C:\Users\AGEuler\Documents\QDSpy\Stimuli\Katrin\RGCs;00bdaae87a8a50500c2063a68bfb3c1e;17525,0;75,0;17:49:05;False;17:50:46;101,0;100,87129385154549;0;{'barDx_um': 1000.0, 'nFrPerMarker': 3, 'nTrials': 3, 'barDy_um': 300.0, 'vel_umSec': 1000.0, 'DirList': [0, 180, 45, 225, 90, 270, 135, 315], 'barColor': [255, 255, 255], 'durFr_s': 0.016666666666666666, 'tMoveDur_s': 4.0, 'stimFileName': 'C:/Users/AGEuler/Documents/QDSpy/Stimuli/Katrin/RGCs/DS', 'bkgColor': [0, 0, 0]}
66;66;DS;C:\Users\AGEuler\Documents\QDSpy\Stimuli\Katrin\RGCs;00bdaae87a8a50500c2063a68bfb3c1e;17734,0;108,0;17:52:34;False;17:54:15;101,0;100,86937294084784;0;{'barDx_um': 1000.0, 'nFrPerMarker': 3, 'nTrials': 3, 'barDy_um': 300.0, 'vel_umSec': 1000.0, 'DirList': [0, 180, 45, 225, 90, 270, 135, 315], 'barColor': [255, 255, 255], 'durFr_s': 0.016666666666666666, 'tMoveDur_s': 4.0, 'stimFileName': 'C:/Users/AGEuler/Documents/QDSpy/Stimuli/Katrin/RGCs/DS', 'bkgColor': [0, 0, 0]}
67;67;DS;C:\Users\AGEuler\Documents\QDSpy\Stimuli\Katrin\RGCs;00bdaae87a8a50500c2063a68bfb3c1e;17853,0;18,0;17:54:33;True;17:54:55;22,0;22,03919632868201;0;
